{"cameraMode":{"drawMode":2,"name":"Shaded Wireframe","section":"Shading Mode"},"sceneLighting":true,"audioPlay":false,"sceneViewState":{"showFog":true,"showMaterialUpdate":false,"showSkybox":true,"showFlares":true,"showImageEffects":true,"showParticleSystems":true},"in2DMode":false,"pivot":{"x":1.2393271923065186,"y":-6.522112846374512,"z":-2.126616954803467},"rotation":{"x":-0.6053845286369324,"y":0.11765383929014206,"z":-0.09124966710805893,"w":-0.7819797992706299},"size":5.155087471008301,"orthographic":false}