{"cameraMode":{"drawMode":0,"name":"Shaded","section":"Shading Mode"},"sceneLighting":true,"audioPlay":false,"sceneViewState":{"showFog":true,"showMaterialUpdate":false,"showSkybox":true,"showFlares":true,"showImageEffects":true,"showParticleSystems":true},"in2DMode":false,"pivot":{"x":5.771482467651367,"y":-10.279627799987793,"z":1.4828370809555054},"rotation":{"x":0.31912773847579958,"y":0.4227549433708191,"z":-0.162006214261055,"w":0.8326104879379273},"size":9.934208869934082,"orthographic":false}